url	first_seen	portal	title	company	status
https://job-boards.greenhouse.io/its/jobs/6363275003	2026-06-15	greenhouse-api	IT Technician I / II (US Remote)	Intelligent Technical Solutions (ITS)	added	Remote - US
https://job-boards.greenhouse.io/its/jobs/6354503003	2026-06-15	greenhouse-api	IT Technician I (Remote)	Intelligent Technical Solutions (ITS)	added	Remote
https://job-boards.greenhouse.io/its/jobs/7764141003	2026-06-15	greenhouse-api	Network Administrator (Remote)	Intelligent Technical Solutions (ITS)	added	International
https://job-boards.greenhouse.io/its/jobs/7742318003	2026-06-15	greenhouse-api	System Administrator II (Remote)	Intelligent Technical Solutions (ITS)	added	International
https://job-boards.greenhouse.io/its/jobs/7717919003	2026-06-15	greenhouse-api	System Administrator II (Reno, NV)	Intelligent Technical Solutions (ITS)	added	Reno, NV
https://job-boards.greenhouse.io/its/jobs/7749154003	2026-06-15	greenhouse-api	System Administrator I Onsite (Sacramento, CA)	Intelligent Technical Solutions (ITS)	added	Sacramento, CA
https://job-boards.greenhouse.io/its/jobs/6354575003	2026-06-15	greenhouse-api	System Administrator I (Remote)	Intelligent Technical Solutions (ITS)	added	International
https://job-boards.greenhouse.io/its/jobs/6363736003	2026-06-15	greenhouse-api	System Administrator I (US Remote)	Intelligent Technical Solutions (ITS)	added	Remote - US
https://job-boards.greenhouse.io/its/jobs/7754195003	2026-06-15	greenhouse-api	System Administrator Onsite (Dallas, TX)	Intelligent Technical Solutions (ITS)	added	Dallas, Texas
https://stripe.com/jobs/search?gh_jid=7736482	2026-06-15	greenhouse-api	Corporate Network Engineering Manager	Stripe	added	US Remote
https://stripe.com/jobs/search?gh_jid=7722943	2026-06-15	greenhouse-api	Credit Operations Analyst	Stripe	added	Toronto, Atlanta, or Chicago
https://stripe.com/jobs/search?gh_jid=7722938	2026-06-15	greenhouse-api	Credit Operations Analyst, Risk Operations	Stripe	added	Chicago, Toronto, Atlanta
https://stripe.com/jobs/search?gh_jid=7941800	2026-06-15	greenhouse-api	EMEA IT Helpdesk Manager	Stripe	added	Dublin
https://stripe.com/jobs/search?gh_jid=7462961	2026-06-15	greenhouse-api	Infrastructure Engineer, Privy	Stripe	added	New York
https://stripe.com/jobs/search?gh_jid=7962089	2026-06-15	greenhouse-api	Manager, Product Support Specialist	Stripe	added	Singapore
https://stripe.com/jobs/search?gh_jid=7930153	2026-06-15	greenhouse-api	People Systems Platform Engineer (Salesforce)	Stripe	added	NY, CHI, US-REM
https://stripe.com/jobs/search?gh_jid=7524531	2026-06-15	greenhouse-api	Product Support Specialist	Stripe	added	Singapore
https://stripe.com/jobs/search?gh_jid=7945056	2026-06-15	greenhouse-api	Product Support Specialist (Mandarin-speaking)	Stripe	added	Singapore
https://stripe.com/jobs/search?gh_jid=7417090	2026-06-15	greenhouse-api	Technical Program Manager,  Identity and Access Management Programs	Stripe	added	Remote in the US, Chicago, Atlanta
https://job-boards.greenhouse.io/airtable/jobs/8573015002	2026-06-15	greenhouse-api	Technical Support Specialist	Airtable	added	Remote - London, United Kingdom 
https://job-boards.greenhouse.io/automox/jobs/5238193008	2026-06-15	greenhouse-api	Senior Manager, Security & IT Operations	Automox	added	Remote - Austin, TX - Denver, CO - Tampa, FL
https://job-boards.greenhouse.io/twilio/jobs/7958965	2026-06-15	greenhouse-api	Manager, Technical Support	Twilio	added	Remote - Colombia
https://job-boards.greenhouse.io/twilio/jobs/7474040	2026-06-15	greenhouse-api	Senior Infrastructure Engineer	Twilio	added	Remote - US
https://job-boards.greenhouse.io/twilio/jobs/7657993	2026-06-15	greenhouse-api	Senior Network Engineer	Twilio	added	Remote - India
https://job-boards.greenhouse.io/twilio/jobs/7943272	2026-06-15	greenhouse-api	Technical Support Engineer 2	Twilio	added	Remote - Colombia
https://job-boards.greenhouse.io/twilio/jobs/7874688	2026-06-15	greenhouse-api	Technical Support Engineer 3	Twilio	added	Remote - India
https://job-boards.greenhouse.io/twilio/jobs/7912398	2026-06-15	greenhouse-api	Technical Support Engineer (L2)	Twilio	added	Remote - Japan
https://job-boards.greenhouse.io/twilio/jobs/7993860	2026-06-15	greenhouse-api	Technical Support Expert 2	Twilio	added	Remote - Colombia
https://boards.greenhouse.io/cloudflare/jobs/7462799?gh_jid=7462799	2026-06-15	greenhouse-api	Distributed Systems Engineer, Analytical Database Platform	Cloudflare	added	Hybrid
https://boards.greenhouse.io/cloudflare/jobs/7462803?gh_jid=7462803	2026-06-15	greenhouse-api	Distributed Systems Engineer - Data Platform - Analytics and Alerts	Cloudflare	added	Hybrid
https://boards.greenhouse.io/cloudflare/jobs/7462801?gh_jid=7462801	2026-06-15	greenhouse-api	Distributed Systems Engineer - Data Platform (Delivery, Database, Retrieval)	Cloudflare	added	Hybrid
https://boards.greenhouse.io/cloudflare/jobs/7462802?gh_jid=7462802	2026-06-15	greenhouse-api	Distributed Systems Engineer - Data Platform - Logs and Audit Logs	Cloudflare	added	Hybrid
https://boards.greenhouse.io/cloudflare/jobs/7992903?gh_jid=7992903	2026-06-15	greenhouse-api	Senior Network Engineer	Cloudflare	added	Hybrid
https://boards.greenhouse.io/cloudflare/jobs/7778956?gh_jid=7778956	2026-06-15	greenhouse-api	Senior Solutions Engineer, Enterprise Accounts - Miami	Cloudflare	added	Hybrid
https://boards.greenhouse.io/cloudflare/jobs/7742773?gh_jid=7742773	2026-06-15	greenhouse-api	Systems Engineer, MAPS	Cloudflare	added	Hybrid
https://www.okta.com/company/careers/opportunity/7841999?gh_jid=7841999	2026-06-15	greenhouse-api	Director, Product Management (IAM) - Auth0	Okta	added	Bellevue, Washington; Chicago, Illinois; New York, New York; San Francisco, California; Washington, DC
https://www.okta.com/company/careers/opportunity/7247309?gh_jid=7247309	2026-06-15	greenhouse-api	Manager Site Reliability Engineer	Okta	added	Bengaluru, India
https://www.okta.com/company/careers/opportunity/7845385?gh_jid=7845385	2026-06-15	greenhouse-api	Manager- Site Reliability Engineering	Okta	added	Bengaluru, India
https://www.okta.com/company/careers/opportunity/7904652?gh_jid=7904652	2026-06-15	greenhouse-api	Manager, Site Reliability Engineering	Okta	added	San Francisco, California
https://www.okta.com/company/careers/opportunity/7882120?gh_jid=7882120	2026-06-15	greenhouse-api	Onsite Associate IT Support	Okta	added	Sydney, Australia
https://www.okta.com/company/careers/opportunity/7648974?gh_jid=7648974	2026-06-15	greenhouse-api	Principal Data Platform Engineer (Bengaluru)	Okta	added	Bengaluru, India
https://www.okta.com/company/careers/opportunity/8002576?gh_jid=8002576	2026-06-15	greenhouse-api	Principal Site Reliability Engineer	Okta	added	Bengaluru, India
https://www.okta.com/company/careers/opportunity/7648977?gh_jid=7648977	2026-06-15	greenhouse-api	Senior Data Platform Engineer (Bengaluru)	Okta	added	Bengaluru, India
https://www.okta.com/company/careers/opportunity/7917007?gh_jid=7917007	2026-06-15	greenhouse-api	Senior Manager, Site Reliability Engineering (Federal)	Okta	added	Washington, DC
https://www.okta.com/company/careers/opportunity/7317857?gh_jid=7317857	2026-06-15	greenhouse-api	Senior Manager, Site Reliability Engineering -  Infrastructure Platform	Okta	added	San Francisco, California
https://www.okta.com/company/careers/opportunity/7595065?gh_jid=7595065	2026-06-15	greenhouse-api	Senior Platform Engineer, Runtime (Auth0)	Okta	added	Toronto, Ontario, Canada
https://www.okta.com/company/careers/opportunity/7791590?gh_jid=7791590	2026-06-15	greenhouse-api	Senior Site Reliability Engineer (Auth0)	Okta	added	Toronto, Ontario, Canada
https://www.okta.com/company/careers/opportunity/7994928?gh_jid=7994928	2026-06-15	greenhouse-api	Staff Site Reliability Engineer	Okta	added	Bengaluru, India
https://www.okta.com/company/careers/opportunity/7562929?gh_jid=7562929	2026-06-15	greenhouse-api	Staff Site Reliability Engineer, Core IDaaS w/ active TS/SCI 	Okta	added	Washington, DC
https://www.okta.com/company/careers/opportunity/7743339?gh_jid=7743339	2026-06-15	greenhouse-api	Staff Site Reliability Engineer - Kubernetes	Okta	added	Bellevue, Washington; Chicago, Illinois; New York, New York; San Francisco, California; Washington, DC
https://www.okta.com/company/careers/opportunity/7575679?gh_jid=7575679	2026-06-15	greenhouse-api	Staff Site Reliability Engineer, Kubernetes w/ active TS/SCI	Okta	added	Washington, DC
https://www.okta.com/company/careers/opportunity/7674807?gh_jid=7674807	2026-06-15	greenhouse-api	Staff Site Reliability Engineer, Networking (FedRamp)	Okta	added	San Francisco, California
https://www.okta.com/company/careers/opportunity/7707836?gh_jid=7707836	2026-06-15	greenhouse-api	Staff Site Reliability Engineer - Observability	Okta	added	Bellevue, Washington; Chicago, Illinois; New York, New York; San Francisco, California; Washington, DC
https://www.okta.com/company/careers/opportunity/7658254?gh_jid=7658254	2026-06-15	greenhouse-api	Staff Site Reliability Engineer - Observability 	Okta	added	Bellevue, Washington; New York, New York; San Francisco, California; Washington, DC
https://www.okta.com/company/careers/opportunity/6671260?gh_jid=6671260	2026-06-15	greenhouse-api	Staff Site Reliability Engineer, Security- GCP	Okta	added	Bengaluru, India
https://www.okta.com/company/careers/opportunity/6874616?gh_jid=6874616	2026-06-15	greenhouse-api	Staff Site Reliability Engineer- Splunk Expert	Okta	added	Bengaluru, India
https://boards.greenhouse.io/figma/jobs/5985406004?gh_jid=5985406004	2026-06-15	greenhouse-api	Community Support Specialist, Weekend (London, United Kingdom) 	Figma	added	London, England
https://boards.greenhouse.io/figma/jobs/5840332004?gh_jid=5840332004	2026-06-15	greenhouse-api	Data Platform Engineer	Figma	added	San Francisco, CA • New York, NY • United States
https://boards.greenhouse.io/figma/jobs/5995989004?gh_jid=5995989004	2026-06-15	greenhouse-api	Enterprise Support Specialist (Bengaluru, India)	Figma	added	Bengaluru, India
https://boards.greenhouse.io/figma/jobs/5978411004?gh_jid=5978411004	2026-06-15	greenhouse-api	Enterprise Support Specialist, Japanese Speaking (Tokyo, Japan)	Figma	added	Tokyo, Japan
https://boards.greenhouse.io/figma/jobs/6010954004?gh_jid=6010954004	2026-06-15	greenhouse-api	Enterprise Support Specialist, Korean Speaking (Singapore)	Figma	added	Singapore
https://boards.greenhouse.io/figma/jobs/6019398004?gh_jid=6019398004	2026-06-15	greenhouse-api	Product Support Specialist 	Figma	added	San Francisco, CA • New York, NY • United States
https://boards.greenhouse.io/figma/jobs/5990353004?gh_jid=5990353004	2026-06-15	greenhouse-api	Technical Support Specialist - Figma Weave (San Francisco, United States)	Figma	added	San Francisco, CA • New York, NY • United States
https://careers.datadoghq.com/detail/7707345/?gh_jid=7707345	2026-06-15	greenhouse-api	Director, Technical Support Engineering	Datadog	added	Mexico City, Mexico; Sao Paulo, Brazil
https://careers.datadoghq.com/detail/7947006/?gh_jid=7947006	2026-06-15	greenhouse-api	Manager II, Engineering - Site Reliability Engineering	Datadog	added	France, Remote; Ireland, Remote
https://careers.datadoghq.com/detail/7948501/?gh_jid=7948501	2026-06-15	greenhouse-api	Manager II, Technical Support Engineering	Datadog	added	Sydney, Australia
https://careers.datadoghq.com/detail/7756975/?gh_jid=7756975	2026-06-15	greenhouse-api	Manager I, IT Support	Datadog	added	Paris, France
https://careers.datadoghq.com/detail/7343626/?gh_jid=7343626	2026-06-15	greenhouse-api	Manager I, Technical Support Engineering	Datadog	added	Tokyo, Japan
https://careers.datadoghq.com/detail/7923520/?gh_jid=7923520	2026-06-15	greenhouse-api	Senior Systems Engineer, Technical Solutions (US-East)	Datadog	added	Boston, Massachusetts, USA; New York, New York, USA
https://careers.datadoghq.com/detail/7979808/?gh_jid=7979808	2026-06-15	greenhouse-api	Technical Support Engineer 1	Datadog	added	Dublin, Ireland
https://careers.datadoghq.com/detail/6883301/?gh_jid=6883301	2026-06-15	greenhouse-api	Technical Support Engineer 1 - 2	Datadog	added	Seoul, South Korea
https://careers.datadoghq.com/detail/7905762/?gh_jid=7905762	2026-06-15	greenhouse-api	Technical Support Engineer 1 (Mexico City)	Datadog	added	Mexico City, Mexico
https://careers.datadoghq.com/detail/7948505/?gh_jid=7948505	2026-06-15	greenhouse-api	Technical Support Engineer 2	Datadog	added	Sydney, Australia
https://careers.datadoghq.com/detail/7858550/?gh_jid=7858550	2026-06-15	greenhouse-api	Technical Support Engineer 2 (Brazil)	Datadog	added	Sao Paulo, Brazil
https://careers.datadoghq.com/detail/7905764/?gh_jid=7905764	2026-06-15	greenhouse-api	Technical Support Engineer 2 (Mexico City)	Datadog	added	Mexico City, Mexico
https://careers.datadoghq.com/detail/7997872/?gh_jid=7997872	2026-06-15	greenhouse-api	Technical Support Engineer 2, Premier - Denver	Datadog	added	Denver, Colorado, USA
https://careers.datadoghq.com/detail/7496253/?gh_jid=7496253	2026-06-15	greenhouse-api	Technical Support Engineer 2, Premier - EMEA	Datadog	added	Amsterdam, The Netherlands; Dublin, Ireland; Paris, France
https://careers.datadoghq.com/detail/7449072/?gh_jid=7449072	2026-06-15	greenhouse-api	Technical Support Engineer 2, Premier - San Francisco	Datadog	added	San Francisco, California, USA
https://careers.datadoghq.com/detail/7758574/?gh_jid=7758574	2026-06-15	greenhouse-api	Technical Support Engineer 3, Premier - San Francisco	Datadog	added	San Francisco, California, USA
https://jobs.elastic.co/jobs?gh_jid=7922458&gh_jid=7922458	2026-06-15	greenhouse-api	IT Support Technician	Elastic	added	Austin, TX
https://jobs.elastic.co/jobs?gh_jid=7976540&gh_jid=7976540	2026-06-15	greenhouse-api	Principal SRE (Networking) - Platform Control Plane	Elastic	added	United States
https://jobs.elastic.co/jobs?gh_jid=7976572&gh_jid=7976572	2026-06-15	greenhouse-api	Senior SRE  - Platform (MKI)	Elastic	added	Canada
https://jobs.elastic.co/jobs?gh_jid=7957649&gh_jid=7957649	2026-06-15	greenhouse-api	Site Reliability Engineer (Hosted Infra) - Platform	Elastic	added	United States
https://job-boards.greenhouse.io/gusto/jobs/7964801	2026-06-15	greenhouse-api	Consumer Money Support Specialist, Tier 2 	Gusto	added	Denver, CO; Phoenix, AZ
https://job-boards.greenhouse.io/gusto/jobs/7833228	2026-06-15	greenhouse-api	Senior Staff Network Engineer - Network Security	Gusto	added	San Francisco, CA
https://www.brex.com/careers/8493078002?gh_jid=8493078002	2026-06-15	greenhouse-api	Support Specialist	Brex	added	Vancouver, British Columbia, Canada
https://job-boards.greenhouse.io/intercom/jobs/7820671	2026-06-15	greenhouse-api	AI Infrastructure Engineer	Intercom	added	Dublin, Ireland
https://job-boards.greenhouse.io/intercom/jobs/7930382	2026-06-15	greenhouse-api	IT Systems Engineer	Intercom	added	Dublin, Ireland; London, England
https://job-boards.greenhouse.io/intercom/jobs/7943136	2026-06-15	greenhouse-api	Senior IT Systems Engineer	Intercom	added	San Francisco, California
https://job-boards.greenhouse.io/intercom/jobs/7122157	2026-06-15	greenhouse-api	Technical Support Engineer	Intercom	added	Chicago, Illinois
https://job-boards.greenhouse.io/intercom/jobs/7915211	2026-06-15	greenhouse-api	Technical Support Engineer (Saturday - Wednesday)	Intercom	added	Dublin, Ireland
https://job-boards.greenhouse.io/intercom/jobs/7366132	2026-06-15	greenhouse-api	Technical Support Specialist	Intercom	added	Chicago, Illinois
https://jobs.dropbox.com/listing/7872715?gh_jid=7872715	2026-06-15	greenhouse-api	Network Engineer	Dropbox	added	Remote - Poland
https://jobs.dropbox.com/listing/7539817?gh_jid=7539817	2026-06-15	greenhouse-api	Site Reliability Engineer	Dropbox	added	Remote - Mexico
https://jobs.dropbox.com/listing/7961824?gh_jid=7961824	2026-06-15	greenhouse-api	Staff Site Reliability Engineer, Production Engineering	Dropbox	added	Remote - US: Select locations
https://job-boards.greenhouse.io/carta/jobs/7688689003	2026-06-15	greenhouse-api	Senior Site Reliability Engineer	Carta	added	San Francisco, California; Santa Clara, California; Seattle, WA
https://www.mongodb.com/careers/job/?gh_jid=7650199	2026-06-15	greenhouse-api	Manager, Site Reliability Engineering - Fleet Management	MongoDB	added	Austin; Boston; Chicago; Denver; Miami; New York City; San Francisco; Seattle
https://www.mongodb.com/careers/job/?gh_jid=7818635	2026-06-15	greenhouse-api	Manager, Site Reliability Engineering - Storage Layer Service	MongoDB	added	Dublin
https://www.mongodb.com/careers/job/?gh_jid=7924987	2026-06-15	greenhouse-api	Senior Platform Engineer	MongoDB	added	Gurugram
https://www.mongodb.com/careers/job/?gh_jid=7727873	2026-06-15	greenhouse-api	Senior Site Reliability Engineer,  Fleet Management	MongoDB	added	Austin; Boston; Chicago; Denver; Miami; New York City; San Francisco; Seattle; United States
https://www.mongodb.com/careers/job/?gh_jid=7821318	2026-06-15	greenhouse-api	Site Reliability Engineer 3	MongoDB	added	Dublin
https://www.mongodb.com/careers/job/?gh_jid=7727964	2026-06-15	greenhouse-api	Site Reliability Engineer (Senior or Staff), Atlas	MongoDB	added	Austin; Boston; Chicago; Miami; New York City; Philadelphia; Pittsburgh; Raleigh; United States; Washington DC
https://www.mongodb.com/careers/job/?gh_jid=7758610	2026-06-15	greenhouse-api	Site Reliability Engineer (Senior or Staff), Infrastructure Security	MongoDB	added	Austin; New York City; San Francisco; Seattle; United States
https://www.mongodb.com/careers/job/?gh_jid=7743366	2026-06-15	greenhouse-api	Site Reliability Engineer (Senior or Staff), Storage Layer Services (SLS)	MongoDB	added	Boston; Miami; New York City; Pittsburgh; Raleigh; United States
https://www.mongodb.com/careers/job/?gh_jid=6984814	2026-06-15	greenhouse-api	Site Reliability Engineer (Senior or Staff), Storage Layer Services (SLS) 	MongoDB	added	Cork; Dublin; Ireland
https://www.mongodb.com/careers/job/?gh_jid=7727920	2026-06-15	greenhouse-api	Staff Site Reliability Engineer, Fabric	MongoDB	added	United States
https://www.mongodb.com/careers/job/?gh_jid=7555398	2026-06-15	greenhouse-api	Staff Technical Program Manager, Site Reliability Engineering	MongoDB	added	Atlanta; Boston; Florida; Georgia; Maine; Miami; New Hampshire; New Jersey; New York; New York City; Pennsylvania; Philadelphia; Pittsburgh; Raleigh; Vermont; Virginia; Washington DC
https://job-boards.greenhouse.io/verkada/jobs/5126462007	2026-06-15	greenhouse-api	IT Engineer	Verkada	added	San Mateo, CA United States
https://job-boards.greenhouse.io/verkada/jobs/5139505007	2026-06-15	greenhouse-api	IT Engineer 	Verkada	added	Austin, TX United States
https://job-boards.greenhouse.io/verkada/jobs/4997665007	2026-06-15	greenhouse-api	Senior Technical Support Engineer	Verkada	added	San Mateo, CA United States
https://job-boards.greenhouse.io/verkada/jobs/5146680007	2026-06-15	greenhouse-api	Sr. IT Systems Engineer 	Verkada	added	San Mateo, CA United States
https://job-boards.greenhouse.io/verkada/jobs/4134221007	2026-06-15	greenhouse-api	Technical Support Engineer	Verkada	added	London
https://job-boards.greenhouse.io/verkada/jobs/5162206007	2026-06-15	greenhouse-api	Technical Support Engineer - Industrial Placement 2027 (12-months)	Verkada	added	London
https://job-boards.greenhouse.io/verkada/jobs/5144834007	2026-06-15	greenhouse-api	Technical Support Engineering Manager	Verkada	added	San Mateo, CA United States
https://job-boards.greenhouse.io/verkada/jobs/4715534007	2026-06-15	greenhouse-api	Technical Support Engineer - University Graduate 2026	Verkada	added	San Mateo, CA United States
https://job-boards.greenhouse.io/keepersecurity/jobs/4091091009	2026-06-15	greenhouse-api	Senior DevOps Engineer (IL5 / FedRAMP High)	Keeper Security	added	Remote, US
https://job-boards.greenhouse.io/keepersecurity/jobs/4185751009	2026-06-15	greenhouse-api	Senior Windows Systems Engineer	Keeper Security	added	Remote, US
https://apply.workable.com/panorama-education/jobs/view/E549B2D01A	2026-06-15	workable-api	GTM System Administrator	Panorama Education	added	United States (Remote)
https://job-boards.greenhouse.io/twilio/jobs/7906083	2026-06-15	greenhouse-api	Manager, Technical Support	Twilio	added	Remote - Colombia
https://job-boards.greenhouse.io/twilio/jobs/7984998	2026-06-15	greenhouse-api	Technical Support Engineer 2	Twilio	added	Remote - Japan
https://job-boards.greenhouse.io/twilio/jobs/7966810	2026-06-15	greenhouse-api	Technical Support Expert 2	Twilio	added	Remote - Colombia
https://www.okta.com/company/careers/opportunity/7418982?gh_jid=7418982	2026-06-15	greenhouse-api	Senior Site Reliability Engineer (Auth0)	Okta	added	Barcelona, Spain
https://www.okta.com/company/careers/opportunity/7839826?gh_jid=7839826	2026-06-15	greenhouse-api	Staff Site Reliability Engineer	Okta	added	Bengaluru, India
https://careers.datadoghq.com/detail/7946955/?gh_jid=7946955	2026-06-15	greenhouse-api	Manager II, Engineering - Site Reliability Engineering	Datadog	added	Paris, France
https://careers.datadoghq.com/detail/7813863/?gh_jid=7813863	2026-06-15	greenhouse-api	Technical Support Engineer 1	Datadog	added	Tokyo, Japan
https://careers.datadoghq.com/detail/6882229/?gh_jid=6882229	2026-06-15	greenhouse-api	Technical Support Engineer 1 - 2	Datadog	added	Seoul, South Korea
https://careers.datadoghq.com/detail/6759702/?gh_jid=6759702	2026-06-15	greenhouse-api	Technical Support Engineer 2	Datadog	added	Tokyo, Japan
https://jobs.dropbox.com/listing/7539803?gh_jid=7539803	2026-06-15	greenhouse-api	Network Engineer	Dropbox	added	Remote - Mexico
https://job-boards.greenhouse.io/intercom/jobs/7824142	2026-06-15	greenhouse-api	AI Infrastructure Engineer	Intercom	added	Berlin, Germany
https://job-boards.greenhouse.io/intercom/jobs/7918638	2026-06-15	greenhouse-api	IT Systems Engineer	Intercom	added	San Francisco, California
https://www.mongodb.com/careers/job/?gh_jid=7957589	2026-06-15	greenhouse-api	Manager, Site Reliability Engineering - Storage Layer Service	MongoDB	added	Cork
https://www.mongodb.com/careers/job/?gh_jid=7821316	2026-06-15	greenhouse-api	Site Reliability Engineer 3	MongoDB	added	New York City
https://www.mongodb.com/careers/job/?gh_jid=7793634	2026-06-15	greenhouse-api	Site Reliability Engineer (Senior or Staff), Storage Layer Services (SLS)	MongoDB	added	Montreal; Toronto
https://www.mongodb.com/careers/job/?gh_jid=7727923	2026-06-15	greenhouse-api	Staff Site Reliability Engineer, Fabric	MongoDB	added	Toronto; Vancouver
https://www.mongodb.com/careers/job/?gh_jid=7831454	2026-06-15	greenhouse-api	Staff Technical Program Manager, Site Reliability Engineering	MongoDB	added	Cork; Dublin; Ireland
https://job-boards.greenhouse.io/verkada/jobs/5063200007	2026-06-15	greenhouse-api	Technical Support Engineer	Verkada	added	San Mateo, CA United States
https://jobs.ashbyhq.com/vanta/bdebe333-85f3-45c6-99fc-cc356e2ebfbb	2026-06-15	ashby-api	Technical Support Specialist- West Coast	Vanta	added	Remote U.S.
https://jobs.ashbyhq.com/vanta/a9f1202d-2d7f-4b49-930b-6acc98dd4b59	2026-06-15	ashby-api	Senior Systems Engineer, Corporate Engineering	Vanta	added	Remote U.S.
https://jobs.ashbyhq.com/drata/51aa1c0e-c624-424e-b319-5e881ed1ca9a	2026-06-15	ashby-api	Senior IT Engineer	Drata	added	Hybrid - San Francisco
https://jobs.lever.co/ttecdigital/83ec91ad-e81d-4203-88b8-bd505dcd9043	2026-06-15	lever-api	Principal Consultant, Cloud Engineer	TTEC Digital	added	Austin, TX
https://jobs.ashbyhq.com/notion/ece7d4c3-5a47-44d3-9ba3-85b091289605	2026-06-15	ashby-api	Enterprise Technical Premium Support Specialist	Notion	added	San Francisco, California
https://jobs.ashbyhq.com/notion/15f37b73-d217-469a-adfc-2e50cc9e2374	2026-06-15	ashby-api	Enterprise Technical Support	Notion	added	San Francisco, California
https://jobs.lever.co/veeva/242155ac-c878-46b0-9b68-880a732cc6f8	2026-06-15	lever-api	Clinical Research Support Specialist	Veeva Systems	added	Ohio - Columbus
https://jobs.lever.co/veeva/043cae24-7417-49a5-bc76-54f313690669	2026-06-15	lever-api	Senior IT Systems Engineer	Veeva Systems	added	United States
https://jobs.lever.co/veeva/6b37622d-75fd-416f-ab61-3b8108e93023	2026-06-15	lever-api	Senior IT Systems Engineer	Veeva Systems	added	North Carolina - Raleigh
https://jobs.lever.co/veeva/8d7d21e4-f9a8-49f6-9515-5e555133e8c2	2026-06-15	lever-api	Senior IT Systems Engineer	Veeva Systems	added	Ohio - Columbus
https://job-boards.greenhouse.io/denverbroncosteamllc/jobs/5191808008	2026-06-16	Broad — Colorado IT On-site	Senior Systems Administrator	Denver Broncos	added	Englewood CO
https://job-boards.greenhouse.io/denverbroncosteamllc/jobs/5255474008	2026-06-16	Broad — Colorado IT On-site	Senior Network Administrator	Denver Broncos	added	Englewood CO
https://www.echostar.com/gfj/systems-administrator-ii-email-infrastructure-denver-co-6a27ed99f99a10039d92c4c5	2026-06-16	Dish Network / EchoStar	Systems Administrator II - Email Infrastructure	EchoStar	added	Englewood CO
https://job-boards.greenhouse.io/submittable/jobs/6025447004	2026-06-16	Greenhouse — Help Desk & IT Support	Technical Support Specialist	Submittable	added	Remote US
https://job-boards.greenhouse.io/oddball/jobs/7718910003	2026-06-16	Greenhouse — Systems Administrator	IT Systems Administrator	Oddball	skipped_expired	Remote
https://job-boards.greenhouse.io/oddball/jobs/7633451003	2026-06-16	Greenhouse — Systems Administrator	IT Systems Administrator	Oddball	skipped_expired	Remote
https://job-boards.greenhouse.io/themotleyfool/jobs/4515638007	2026-06-16	Greenhouse — Systems Administrator	Systems Administrator	The Motley Fool	skipped_expired	Remote US
https://jobs.lever.co/redcanary/3f74a9f5-1758-4ae5-85d8-56c58e4eaa04	2026-06-16	Broad — Colorado IT On-site	IT Systems Administrator	Red Canary	skipped_expired	Remote/Denver
https://job-boards.greenhouse.io/myriad360/jobs/8350319002	2026-06-16	Greenhouse — Help Desk & IT Support	IT Service Desk Analyst	Myriad360	skipped_expired	Remote
https://job-boards.greenhouse.io/empowerbrands/jobs/5201825008	2026-06-16	Greenhouse — Help Desk & IT Support	IT Support Analyst	Empower Brands	skipped_location	Richmond VA
https://jobs.ashbyhq.com/brinc/f4d9cc60-7807-4446-874f-9370a4dd3c8e	2026-06-16	Ashby — Sysadmin & IT Support	IT Support Specialist	BRINC	skipped_location	Seattle WA
https://job-boards.greenhouse.io/66degrees/jobs/5980791004	2026-06-16	Greenhouse — Systems Administrator	System Administrator Contract	66degrees	skipped_location	India
https://www.lockheedmartinjobs.com/job/boulder/systems-administrator/694/95601291088	2026-06-16	Lockheed Martin	Systems Engineer-IT	Lockheed Martin	skipped_title	Boulder CO (clearance)
https://boards.greenhouse.io/dropbox/jobs/7768859	2026-06-22	websearch	Customer Systems Administrator	Dropbox	added	Remote - US
https://jobs.ashbyhq.com/forma/399a29b9-e08e-4a56-8cc9-1d59a17c4c14	2026-06-22	websearch	IT System Administrator	Forma	added	Remote US
https://job-boards.greenhouse.io/cogstateinc/jobs/5232357008	2026-06-22	websearch	Systems and Network Administrator	Cogstate	added	Virtual-first US/AU/UK
https://job-boards.greenhouse.io/onepath/jobs/4600601007	2026-06-22	websearch	Systems Administrator I	RedHelm (OnePath)	added	Remote
https://jobs.lever.co/crosscountry-consulting/c5ae4605-42c2-4677-acef-b000cb24942a/apply	2026-06-22	websearch	Systems Administrator	CrossCountry Consulting	added	Remote US
https://jobs.lever.co/inflowfed/7342918d-319a-4c7c-ba5f-ea1bd0861dc8	2026-06-22	websearch	Senior Systems Administrator	INflow Federal	skipped_title	Multi-state (TS/SCI clearance)
https://jobs.lever.co/cti-md?commitment=Systems+Administrators	2026-06-22	websearch	Systems Administrator - Level 03	Constellation Technologies	skipped_title	MD/VA/CO/TX/UT/CA/FL/HI (TS/SCI + polygraph)
https://job-boards.greenhouse.io/betterhelpcom/jobs/5211416008	2026-06-22	websearch	Operations Specialist	BetterHelp	skipped_title	Wrong role (not IT ops)
https://boards.greenhouse.io/fleetio/jobs/4342796007	2026-06-29	websearch	IT Systems Administrator	Fleetio	added	Remote US
https://job-boards.greenhouse.io/transcendinc/jobs/4156100009	2026-06-29	websearch	IT Systems & Compliance Administrator	Transcend Inc	added	Remote US
https://job-boards.greenhouse.io/fronterahealth/jobs/5081999007	2026-06-29	websearch	IT Support Specialist	Frontera Health	added	Denver CO (on-site, clinic support)
https://jobs.ashbyhq.com/rula/c0cb671e-38c5-4601-9973-c3597fa07b3e	2026-06-29	websearch	IT Service Desk Manager	Rula	added	Remote
https://jobs.lever.co/pingwind/c4d23990-8cf4-40b0-a8dd-14354d1b3439	2026-06-29	websearch	Help Desk Lead/Manager	PingWind	added	Remote US (Public Trust clearance, Tier 4/6c)
https://job-boards.greenhouse.io/kepora/jobs/4261644009	2026-06-29	websearch	System Administrator	Kepora	skipped_title	Annapolis Junction MD (TS/SCI + polygraph, mostly on-site)
https://job-boards.greenhouse.io/accenturefederalservices/jobs/4617533006	2026-06-29	websearch	Systems Administrator	Accenture Federal Services	skipped_title	Colorado (TS/SCI clearance required)
https://job-boards.greenhouse.io/accenturefederalservices/jobs/4686054006	2026-06-29	websearch	System Administrator	Accenture Federal Services	skipped_title	Multi-state (TS/SCI clearance required)
https://jobs.lever.co/knix/d56c8c79-f612-4880-83fa-d555237ecbe7	2026-06-29	websearch	IT Helpdesk Team Lead	Knix	skipped_location	Toronto Canada (international)
https://jobs.lever.co/kgroupcompanies/0115de96-9ad3-41a0-9f83-e4cfac3717dd	2026-06-29	websearch	Help Desk Team Lead - NOC	K Group Companies	skipped_location	Grand Rapids MI, no remote confirmation
https://job-boards.greenhouse.io/arizeai/jobs/5997089004	2026-07-06	websearch	IT Support Specialist	Arize AI	added	Remote - US
https://job-boards.greenhouse.io/underdogfantasy/jobs/4675205005	2026-07-06	websearch	IT Support Engineer	Underdog	added	Remote - US
https://job-boards.greenhouse.io/topsteptrader/jobs/7505718003	2026-07-06	websearch	IT Support Administrator	Topstep	added	Remote - US
https://job-boards.greenhouse.io/kunai/jobs/5051311007	2026-07-06	websearch	IT Support Administrator	Kunai (PwC Network)	added	Remote - US
https://jobs.lever.co/Arbol/015ae171-6d09-4c10-ac5c-3ceb49068507	2026-07-06	websearch	IT Support Specialist	Arbol	added	Remote - US
https://job-boards.greenhouse.io/volterapower/jobs/4978816007	2026-07-06	websearch	IT Architect & System Administrator	Voltera Power	added	Denver CO (hybrid)
https://job-boards.greenhouse.io/ampsortation/jobs/7721759003	2026-07-06	websearch	Corporate IT Manager	AMP	added	Louisville CO (Denver metro)
https://job-boards.greenhouse.io/link/jobs/5175744008	2026-07-06	websearch	IT & Compliance Manager	LINK	added	Remote - US
https://job-boards.greenhouse.io/oportun/jobs/4674665005	2026-07-06	websearch	IT Support Specialist	Oportun	added	Remote - US
https://jobs.ashbyhq.com/Flock%20Safety/d9d492f1-12e4-4774-ad04-87d80637cfbb	2026-07-06	websearch	IT Systems Administrator (Finance)	Flock Safety	added	Remote - US (unconfirmed)
https://jobs.lever.co/kyruushealth/3e2cd29b-e828-4e36-b873-7795a34417fe	2026-07-06	websearch	Staff IT Systems Administrator	Kyruus Health	added	Remote - US (unconfirmed)
https://jobs.ashbyhq.com/mainstay/5a26e221-e838-40e5-b453-55c5e1fc1a70	2026-07-06	websearch	IT Support Lead	Mainstay Labs	added	Remote - US (unconfirmed)
https://jobs.ashbyhq.com/supabase/4abf21b5-0fd3-4e2c-a384-6de77ec7f0d3	2026-07-06	websearch	IT Systems Administrator	Supabase	skipped_location	Prefers EST/APAC timezone
https://job-boards.greenhouse.io/doitintl/jobs/6245005003	2026-07-06	websearch	Senior IT Support Specialist	DoiT	skipped_location	Central/Eastern US only (excludes Mountain/Denver)
https://jobs.ashbyhq.com/lgads/7d8bb461-7ec2-493e-9dbc-0cd0ec931d0b	2026-07-06	websearch	IT Systems Administrator	LG Ad Solutions	skipped_location	Manhattan on-site
https://job-boards.greenhouse.io/assystinc/jobs/4242995009	2026-07-06	websearch	IT Support Specialist	ASSYST	skipped_location	Rockville MD on-site
https://job-boards.greenhouse.io/nttdatausa/jobs/8546196002	2026-07-06	websearch	IT Specialist/Support Specialist	NTT DATA	skipped_location	Arlington VA on-site
https://job-boards.greenhouse.io/systemstechnologyresearch/jobs/4552713006	2026-07-06	websearch	IT Support Specialist	STR	skipped_location	Arlington VA on-site
https://job-boards.greenhouse.io/systemstechnologyresearch/jobs/4658899006	2026-07-06	websearch	Senior IT Support Specialist, Desktop Services	STR	skipped_location	Arlington VA on-site
https://jobs.lever.co/hexagonusfederal/3d92fc21-cbe6-4825-858b-8c6794863cf6/	2026-07-06	websearch	Senior Systems Administrator	Hexagon US Federal	skipped_location	Lanham MD on-site
https://jobs.lever.co/hermeus/0d42aed4-c2ee-4f23-9350-1edc1314ed71	2026-07-06	websearch	Senior IT Support Specialist	Hermeus	skipped_location	Hawthorne CA on-site
https://jobs.lever.co/hatchit/61075826-4135-452e-ad42-81bbf282188a	2026-07-06	websearch	Systems Administrator (Deskside Support Specialist)	Hatch IT	skipped_location	Govt on-site DC
https://jobs.lever.co/Ubiminds/22673bce-1f4d-4438-afce-df2d33b5c30e	2026-07-06	websearch	IT Support Specialist	Ubiminds	skipped_location	Brazil company
https://jobs.lever.co/swordhealth/edede9c4-57c1-4e20-970d-14d72d49e24c	2026-07-06	websearch	IT Support Specialist	Sword Health	skipped_location	Likely Portugal-based
https://job-boards.greenhouse.io/grafanalabs/jobs/5648729004	2026-07-06	websearch	Senior GTM Systems Administrator	Grafana Labs	skipped_title	GTM/Salesforce role
https://job-boards.greenhouse.io/grafanalabs/jobs/5527127004	2026-07-06	websearch	Senior GTM Systems Administrator (Remote, USA)	Grafana Labs	skipped_title	GTM/Salesforce role
https://job-boards.greenhouse.io/axon/jobs/7612106003	2026-07-06	websearch	Professional Services Automation Systems Administrator	Axon	skipped_title	PSA/Salesforce role
https://job-boards.greenhouse.io/appliedintuition/jobs/4640266005	2026-07-06	websearch	GTM Systems Administrator	Applied Intuition	skipped_title	GTM/Salesforce role
https://jobs.lever.co/voltus/7af18b84-6567-433a-aa92-640fab747fcf	2026-07-06	websearch	IT System Administrator Intern	Voltus	skipped_title	Intern role
https://jobs.lever.co/jobgether/a4507216-f76e-4ab3-b061-5ff4c017f1b5	2026-07-06	websearch	Tier 1 Service Desk Specialist	Jobgether	skipped_title	Job aggregator listing
https://jobs.ashbyhq.com/careerswift.ai/7e42e740-8f11-410e-b588-f34dc3810455/application	2026-07-06	websearch	Help Desk / IT Support Specialist	Careerswift.ai	skipped_title	Job aggregator
https://jobs.lever.co/corebts/04c6b3cb-4464-4059-9a01-a0f166ad2ce1	2026-07-13	websearch	Systems Administrator - Corporate IT	NRI North America (CoreBTS)	added	Remote US
https://job-boards.greenhouse.io/coretelligent/jobs/5290494008	2026-07-13	websearch	Service Delivery Manager	Coretelligent	added	Remote US
https://job-boards.greenhouse.io/recursionpharmaceuticals/jobs/6346049	2026-07-13	websearch	Senior Systems Administrator (6-month contract)	Recursion Pharmaceuticals	added	Remote US (SLC on-site option)
